id,name,calories,protein,fat,carbs,portion_size
1,Abon,280,9.2,28.4,0,100
2,Abon haruwan,513,23.7,37,21.3,100
3,Agar-agar,0,0,0.2,0,100
4,Akar tonjong segar,45,1.1,0.4,10.8,100
5,Aletoge segar,37,4.4,0.5,3.8,100
6,Alpukat segar,85,0.9,6.5,7.7,100
7,Ampas kacang hijau,96,3.7,0.6,19.1,100
8,Ampas Tahu,414,26.6,18.3,41.3,100
9,Ampas tahu kukus,75,4.1,2.1,10.7,100
10,Ampas tahu mentah,67,5,2.1,8.1,100
11,Anak sapi daging gemuk segar,184,18.8,14,0,100
12,Anak sapi daging kurus segar,174,19.6,10,0,100
13,Anak sapi daging sedang segar,190,19.1,12,0,100
14,Andaliman segar,99,4.6,1,18,100
15,Andewi,25,1.6,0.2,5.3,100
16,Anggur hutan segar,30,0.5,0.2,6.8,100
17,Angsa,354,16.4,31.5,0,100
18,Anyang sayur,126,3.4,7.9,10.3,100
19,Apel,58,0.3,0.4,14.9,100
20,Apel malang segar,57,0.5,0.4,12.8,100
21,Arbei,37,0.8,0.5,8.3,100
22,Ares sayur,113,0.9,7.2,11.2,100
23,Arrowroot segar,102,1,0.2,24.1,100
24,Arwan sirsir,277,2.4,25,10.7,100
25,Asam kandis segar,75,0.2,1.1,16.1,100
26,Asam masak di pohon,239,2.8,0.6,62.5,100
27,Asam payak segar,135,0.8,0.4,32.1,100
28,Asan kandis kering,261,0.9,1.6,63.3,100
29,Asinan Bogor sayuran,98,3.9,2.6,14.8,100
30,Ayam,302,18.2,25,0,100
31,Ayam  goreng Kentuckysayap,297,35.9,15.2,1.6,100
32,Ayam ampela goreng,270,32.3,11.2,9.9,100
33,Ayam dideh/darah segar,75,13.8,1.9,0.7,100
34,Ayam goreng church texa sayap,295,34,16,1.5,100
35,Ayam goreng church texas dada,338,35.2,20.6,0.4,100
36,Ayam goreng kalasan paha,275,37.4,12.2,1.3,100
37,Ayam goreng kentucky dada,298,34.2,16.8,0.1,100
38,Ayam goreng Kentucky paha,286,32.1,16.1,1.1,100
39,Ayam goreng mbok berek dada,295,39.2,13.6,1,100
40,Ayam goreng paha,287,31,15.7,1.7,100
41,Ayam goreng pasundan dada,246,37.9,9,0.7,100
42,Ayam goreng pasundan paha,245,33.1,11.4,0.3,100
43,Ayam goreng pioneer dada,295,37.4,14.7,0.6,100
44,Ayam goreng sukabumi dada,244,36.7,9.2,1,100
45,Ayam goreng sukabumi paha,283,35.7,14.3,0.5,100
46,Ayam hati segar,261,27.4,16.1,1.6,100
47,Ayam taliwang masakan,264,18.2,20.1,2.7,100
48,Ayam usus goreng,473,45.2,26.3,13.9,100
49,Babat,113,17.6,4.2,0,100
50,Babi daging gemuk segar,453,11.9,45,0,100
51,Babi daging kurus segar,371,14.1,35,0,100
52,Babi ginjal segar,110,16.3,4.6,0.8,100
53,Babi hati segar,129,19.7,4.8,1.7,100
54,Babi hutan masak rica masakan,491,24.6,16.3,0.2,100
55,Bacang,102.9,3.3,2.7,16.3,100
56,Bagea kelapa asin,450,3.2,13.9,78.1,100
57,Bagea kelapa manis,452,1.3,13.8,80.6,100
58,Bagea kenari asin,529,3.2,29.1,63.6,100
59,Bagea kenari manis,523,3.2,28.2,64.2,100
60,Bagea kw 1,416,6.5,9.4,76.3,100
61,Bagea kw 2,382,0.3,3.5,87.2,100
62,Baje,129,1.9,6.6,15.6,100
63,Bakpia kue,272,8.7,6.7,44.1,100
64,Bakso ,76,4.1,2.5,9.2,100
65,Bakung segar,27,2,0.2,4.2,100
66,Bakwan,280,8.2,10.2,39,100
67,Baligo,13,0.4,0.2,3,100
68,Bantal,190,3.3,0.3,43.5,100
69,Barongko,159,3.1,5.8,23.5,100
70,Batang Tading,137,4.3,4.8,19.1,100
71,Batar daan,107,2.2,2.2,19.6,100
72,Batatas gembili segar,76,1.1,0.9,16,100
73,Batatas kelapa ubi bakar,110,1.4,1.1,23.4,100
74,Batatas kelapa ubi kukus,92,1.2,0.3,21,100
75,Batatas kelapa ubi segar,89,1.1,0.1,21,100
76,Batatas tali ubi rebus,182,2.4,0.4,42.2,100
77,Bawang Bombay,45,1.4,0.2,10.3,100
78,Bawang Merah,39,1.5,0.3,0.2,100
79,Bawang Putih,95,4.5,0.2,23.1,100
80,Bayam kukus,30,1.3,0.7,5.8,100
81,Bayam Merah,51,4.6,0.5,10,100
82,Bayam merah segar,41,2.2,0.8,6.3,100
83,Bayam rebus,23,1.2,0.6,3.7,100
84,Bayam segar,36,3.5,0.5,6.5,100
85,Bayam tumis + oncom,102,3.7,6.7,6.9,100
86,Bayam tumis bersantan,48,1.4,4.2,2.6,100
87,Bebek (itik),326,16,28.6,0,100
88,Bebek alabio daging segar,303,11.3,27,3.7,100
89,Bebek daging goreng,300,24,20.7,4.5,100
90,Beberuk,65,1.1,5.2,3.5,100
91,Beef burger,258,10.6,9.5,32.5,100
92,Beef teriyaki masakan,151,8.6,3.1,22.3,100
93,Beef yakiniku masakan,132,9.8,1.1,20.7,100
94,Bekasam,116,11.9,4.9,6.1,100
95,Bekasang,78,11.4,2,3.6,100
96,Belibis daging segar,131,20.2,4.3,2.8,100
97,Belimbing,36,0.4,0.4,8.8,100
98,Belitung talas kukus,145,1.2,0.4,34.2,100
99,Belut goreng,417,25.9,19.4,32,100
100,Belut segar,70,14.6,0.8,1,100
101,Belutlaut segar,93,12.8,1.5,6.1,100
102,Bengkuang,55,1.4,0.2,12.8,100
103,Bentul (Komba)  talas segar,98,1.6,0.7,20.9,100
104,Bentul talas kukus,71,2.3,0.3,15.4,100
105,Beras Cerdas,350,2.7,1.1,82.3,100
106,Beras ganyong,364,3.4,0.7,86.3,100
107,Beras Giling,360,6.8,0.7,78.9,100
108,Beras Giling masak (nasi) ,178,2.1,0.1,40.6,100
109,Beras giling mentah,357,8.4,1.7,77.1,100
110,Beras giling var pelita mentah,369,9.5,1.4,77.1,100
111,Beras giling var rojolele mentah,357,8.4,1.7,77.1,100
112,Beras hitam mentah,351,8,1.3,76.9,100
113,Beras jagung kuning kering mentah,358,5.5,0.1,82.7,100
114,Beras jagung putih kering mentah,307,4.8,0.1,71.8,100
115,Beras Ketan Hitam,356,7,0.7,78,100
116,Beras Ketan Hitam kukus,181,4,1.2,37.3,100
117,Beras Ketan Hitam tape,166,3.8,1,34.4,100
118,Beras Ketan Hitam tumbuk,360,8,2.3,74.5,100
119,Beras ketan hitam tumbuk mentah,360,8,2.3,74.5,100
120,Beras Ketan Putih,362,6.7,0.7,79.4,100
121,Beras Ketan Putih kukus,163,3,0.4,35.7,100
122,Beras Ketan Putih tape,172,3,0.5,37.5,100
123,Beras Ketan Putih tumbuk,361,7.4,0.8,78.4,100
124,Beras ketan putih tumbuk mentah,361,7.4,0.8,78.4,100
125,Beras ladang mentah,376,7.5,3.8,78,100
126,Beras Menir,339,7.7,4.4,73,100
127,Beras menir mentah,362,7.7,4.4,73,100
128,Beras Merah tumbuk,359,7.5,0.9,77.6,100
129,Beras Parboiled,364,6.8,0.6,80.1,100
130,Beras parboiled,353,6.8,0.6,80,100
131,Beras Pecah Kulit,335,7.4,1.9,76.2,100
132,Beras Setengah Giling,363,7.6,1.1,78.3,100
133,Beras Siger,344,1.1,0.2,28.3,100
134,Beras tumbuk mentah,354,7.8,0.4,79.9,100
135,Beras tumbuk merah mentah,352,7.3,0.9,76.2,100
136,Betok wadi masakan,145,16.3,7,4.1,100
137,Bihun,360,4.7,0.1,82.1,100
138,Bihun Goreng ,154,3,4.5,25.5,100
139,Bihun goreng instan,381,6.1,3.9,80.3,100
140,Bihun Jagung mentah,354,0.5,0.3,87.4,100
141,Bihun mentah,348,4.7,0.1,82.1,100
142,Biji Jambu Mete,562,21.2,49.6,23.6,100
143,Biji Jambu Mete goreng,629,21.5,56.6,19.8,100
144,Biji nangka/Biji salak,262,2.3,5.4,51.1,100
145,Bika ambon,199,2.1,1.5,44.4,100
146,Bika Ambon ,225.7,3,0.3,52.9,100
147,Bir (4% alkohol),48,0.6,0,4.4,100
148,Biskuit,458,6.9,14.4,75.1,100
149,Bit,42,1.6,0.1,9.6,100
150,Biwah segar,51,0.3,0.1,12.1,100
151,Bonggol Pisang,43,2.6,0,11.6,100
152,Bonggol Pisang kering,245,3.4,0,66.2,100
153,Bongkrek (tempe bungkil),119,4.4,3.5,18.3,100
154,Boros Kunci,23,1,0.8,7.2,100
155,Boros Laja (lengkuas),22,1,0.3,4.7,100
156,Botok lamtoro,186,11.7,9.7,13,100
157,Brem,249,3.4,0.4,58,100
158,Brondong ,400,4,0.7,95.3,100
159,Brongkos,141,15.3,3.3,12.6,100
160,Buah Atung,23,0.8,0.2,5.2,100
161,Buah kelenting segar,110,1.4,2.1,21.4,100
162,Buah kelor,38,1.5,0.2,7.5,100
163,Buah kom segar,264,4,1.1,59.6,100
164,Buah Mentega (bisbul),39,0.7,0.2,9.7,100
165,Buah merah,87,2.6,2.7,13.1,100
166,Buah Naga Merah segar,71,1.7,3.1,9.1,100
167,Buah Naga Putih segar,56,0.8,1,10.9,100
168,Buah negri segar,55,1.2,0.1,12.2,100
169,Buah Nona,101,1.7,0.6,25.2,100
170,Buah rotan segar,78,0.6,0.3,18.2,100
171,Buah rukam segar,113,0.8,0.3,26.8,100
172,Buah ruruhi segar,29,2.1,0.7,3.6,100
173,Buah tuppa segar,67,0.4,0.2,15.9,100
174,Buaya daging dendeng mentah,365,49.6,4.8,30.8,100
175,Bubur ,60,1,60,13,100
176,Bubur sagu,167,0.2,4,33,100
177,Bubur tinotuan (Manado),156,2.3,0.2,15.6,100
178,Bulgogi masakan,72,11.4,4.9,1.4,100
179,Bulung Jajan,212,16.9,0.2,47.6,100
180,Bulung Sangu,237,14.7,0.2,56,100
181,Buncis,35,2.4,0.2,7.7,100
182,Buncis asam,60,5.1,0.5,8.5,100
183,Buncis rebus,30,2.2,0.2,6.4,100
184,Bunga pepaya segar,45,2.6,0.3,8.1,100
185,Bunga turi segar,42,2,1.1,6.1,100
186,Bungkil Biji Karet,333,29.3,3.3,50,100
187,Bungkil Kacang Tanah,336,37.4,13,30.5,100
188,Bungkil Kelapa,368,23,15,40,100
189,Buntil ,106,4.4,6.3,7.9,100
190,Buntil daun talas,141,4.4,10.2,8,100
191,Buras ,125.7,3.3,1.9,23.9,100
192,Burung sarang segar,281,37.5,0.3,32.1,100
193,Cabai gembor merah segar,38,1.6,0.8,6.3,100
194,Cabai hijau segar,26,0.7,0.3,5.2,100
195,Cabai merah kering,367,15.9,6.2,61.8,100
196,Cabai merah segar,36,1,0.3,7.3,100
197,Cabai rawit segar,120,4.7,2.4,19.9,100
198,Caisin segar,20,1.7,0.4,3.4,100
199,Cakalang asar (asap papua),155,20.1,3.8,10.2,100
200,Cake tape,323,4.9,11.5,50.1,100
201,Cammetutu,102,3.2,6,8.7,100
202,Cantel mentah,366,11,3.3,73,100
203,Cap cai sayur,97,5.8,6.3,4.2,100
204,Carica papaya segar,24,1.9,0.2,3.7,100
205,Cassavastick,460,0.8,18.7,17.2,100
206,Cempedak,116,3,0.4,28.6,100
207,Cengkeh kering,330,5.2,8.9,57.4,100
208,Centel,332,11,3.3,73,100
209,Ceriping getuk singkong,462,1.2,20.7,67.7,100
210,Chicken teriyaki masakan,168,13,9.6,7.5,100
211,Chikiniku masakan,143,9.8,1.4,22.8,100
212,Coklat bubuk,311,8,4,48.9,100
213,Coklat Manis batang,472,2,29.8,62.7,100
214,Coklat Pahit batang,504,5.5,52.9,29.2,100
215,Coklat Susu batang,381,9,35,53.6,100
216,Combro ,210,1.6,6.6,35.8,100
217,Corned Beef,241,16,25,0,100
218,Coto mangkasara kuda masakan,96,6.8,5.9,3.8,100
219,Coto mangkasara sapi masakan,84,6,6,1.4,100
220,Cue Selar Kuning,145,27,2.3,0,100
221,Cuka,12,0.1,0.1,5,100
222,Cumi-cumi goreng,265,40.6,10.1,0,100
223,Cumi-cumi segar,75,16.1,0.7,0.1,100
224,Daging Anak Sapi,190,19.1,12,0,100
225,Daging Asap,191,32,6,0,100
226,Daging Babi Gemuk,457,11.6,45,0,100
227,Daging Babi Kurus,376,14.1,35,0,100
228,Daging Domba,206,17.1,14.8,0,100
229,Daging Kambing,154,16.6,9.2,0,100
230,Daging Kerbau,84,18.7,0.5,0,100
231,Daging Kuda,118,18.1,4.1,0.9,100
232,Daging Sapi,207,18.8,14,0,100
233,Daun bangun-bangun segar,27,1.3,0.6,4,100
234,Daun Bawang,29,1.8,0.7,5.2,100
235,Daun bawang  merah segar,41,2,0.3,7.8,100
236,Daun bebuas segar,41,2.7,1,7.3,100
237,Daun belem segar,50,4.4,1.4,7.8,100
238,Daun Beluntas,42,1.8,0.5,9.4,100
239,Daun Cincau,122,6,1,26,100
240,Daun Gandaria,60,3.1,0.3,14,100
241,Daun gedi besar segar,58,2.9,0.7,10,100
242,Daun gelang segar,30,1.3,0.7,5.8,100
243,Daun gunda bali segar,50,4.6,0.9,7,100
244,Daun gunda serang segar,62,4.2,0.9,9.2,100
245,Daun Jambu Mete muda,73,4.6,0.5,16.2,100
246,Daun jampang segar,34,3.8,0.5,5.3,100
247,Daun jawaw seluang segar,93,5,1.3,15.3,100
248,Daun jonghe segar,27,2.1,0.7,4.4,100
249,Daun kacang ma segar,36,2.9,0.6,6.8,100
250,Daun Kacang Panjang,34,4.1,0.4,5.8,100
251,Daun Kacang Panjang kukus,40,3.7,0.3,8,100
252,Daun kacang panjang segar,30,3.1,0.3,5.8,100
253,Daun kasbi/singkong karet segar,92,4,3.6,10.9,100
254,Daun Katuk,59,4.8,1,11,100
255,Daun katuk rebus,53,5.3,0.9,9.1,100
256,Daun katuk segar,59,6.4,1,9.9,100
257,Daun Kecipir,47,5,0.5,8.5,100
258,Daun Kedondong,59,2.8,0.3,13.4,100
259,Daun Kelor,82,6.7,1.7,14.3,100
260,Daun Kelor rebus,61,6.1,0.9,10,100
261,Daun Kemangi,46,4,0.5,8.9,100
262,Daun kenikir segar,45,3.7,0.5,6.6,100
263,Daun kesum segar,48,4.5,0.8,9.1,100
264,Daun kol sawi segar,22,2.1,0.5,3.6,100
265,Daun Koro,23,3,0.3,3.7,100
266,Daun kubis segar,51,2.5,1.1,8,100
267,Daun Kumak,14,1.3,0.3,2.3,100
268,Daun Labu Siam,60,4,0.4,4.7,100
269,Daun Labu Waluh,30,3.6,0.6,4.5,100
270,Daun lamtoro segar,87,8.3,1.8,14.4,100
271,Daun leilem segar,76,2.8,0.2,15.8,100
272,Daun Leunca,45,4.7,0.5,8.1,100
273,Daun Lobak,30,2.3,0.4,5.8,100
274,Daun Lompong Tales,40,3,0.8,7.4,100
275,Daun Mangkokan,54,3.7,0.3,11.8,100
276,Daun matel ambon segar,71,6.8,1.6,11.5,100
277,Daun Melinjo,99,5,1.3,21.3,100
278,Daun Mengkudu Kukus,63,3.8,1.5,11.5,100
279,Daun ndusuk segar,166,1.7,0.5,38.8,100
280,Daun Oyong,22,1,0.1,5.3,100
281,Daun oyong segar,22,1,0.1,5.3,100
282,Daun Pakis,35,4,0.3,6.4,100
283,Daun pakis longgiho segar,54,2.2,3.6,3.1,100
284,Daun pakis segar,39,4.5,0.4,6.9,100
285,Daun pakis wambateu segar,53,3.4,1.2,7.2,100
286,Daun paku segar,29,3.4,0.1,6.5,100
287,Daun pangisegar,104,3.9,0.6,17.9,100
288,Daun pare segar,49,2.7,1,8.4,100
289,Daun pepaya segar,87,8,2,11.9,100
290,Daun Pete Cina,128,12,6.5,12.4,100
291,Daun Poh-pohan,37,2.5,0.8,6.9,100
292,Daun salam  bubuk,301,14.2,10.9,49,100
293,Daun selasih segar,62,4,0.5,10.5,100
294,Daun Semanggi,45,4.4,8,0.5,100
295,Daun semanggi segar,45,4.4,0.5,8.5,100
296,Daun simpur segar,53,3.2,2.5,7.6,100
297,Daun singkil segar,68,2,1,15.2,100
298,Daun Singkong,73,6.8,1.2,13,100
299,Daun singkong ambon segar,144,12.7,1.2,25.2,100
300,Daun singkong ampenan segar,50,6.2,1.1,7.1,100
301,Daun singkong kopang segar,74,6.3,0.7,10.7,100
302,Daun Singkong lodeh,55,4,0.5,8.5,100
303,Daun Singkong rebus,31,3.7,0.6,4.8,100
304,Daun singkong segar,50,6.2,1.1,7.1,100
305,Daun Sintrong,36,2.6,0.9,6.1,100
306,Daun talas rebus,27,1.3,0.2,5.9,100
307,Daun talas segar,59,3,0.4,13.5,100
308,Daun Tales,71,4.1,2.1,12.3,100
309,Daun Tales rebus,27,1.3,0.2,5.9,100
310,Daun tespong segar,70,2.9,0.3,13.9,100
311,Daun Ubi Jalar,47,2.8,0.4,10.4,100
312,Daun Ubi Jalar kukus,56,3.1,0.3,13,100
313,Daun ubi kuning segar,62,3.7,0.3,11.1,100
314,Daun ubi merah kukus,56,3.1,0.3,13,100
315,Daun ubi merah segar,48,3,0.3,10.8,100
316,Daun ubi putih segar,46,2.8,0.2,8.2,100
317,Daun ubi tinta segar,55,1.7,0.1,11.9,100
318,Deblo ,260,2,15,53,100
319,Dendeng belut goreng,382,55.7,14.1,8,100
320,Dendeng Daging Sapi,433,55,9,0,100
321,Dendeng mujahir goreng,598,74.3,26.9,9.2,100
322,Dideh darah ayam,77,13.8,1.9,0.7,100
323,Dideh darah sapi,104,21.9,1.1,0,100
324,Djibokum masakan,248,10,2.3,40.9,100
325,Dodol,395,3,5.7,81.2,100
326,Dodol bali,298,3.7,2.1,65.9,100
327,Dodol banjarmasin,368,2.6,8.6,70,100
328,Dodol galamai,348,0.4,3.8,76.1,100
329,Dodol kedondong,331,1.9,7.6,63.8,100
330,Dodol manado,373,4.3,16.5,51.9,100
331,Dodonkol ,17.5,3.3,2.3,39.5,100
332,Domba daging gemuk segar,317,15.7,27.7,0,100
333,Domba daging kurus  segar,202,17.1,14.8,0,100
334,Domba ginjal segar,100,16.6,3.3,1,100
335,Duku,63,1,0.2,16.1,100
336,Durian,134,2.5,3,28,100
337,Duwet segar,80,0.5,0.6,18.2,100
338,Eceng Gondok,18,1,0.2,3.8,100
339,Embacang,98,1.4,0.2,25.4,100
340,Empal (daging) Goreng masakan,248,36.2,6.9,10.1,100
341,Empal Goreng,590,18.5,57,0,100
342,Emping (kerupuk melinjo),345,12,1.5,71.5,100
343,Emping beras,403,10.6,2.2,85.3,100
344,Emping komak,355,17.8,4.6,60.7,100
345,Encung asam segar,122,3.5,4.5,17.5,100
346,Enting-enting gepuk hello kity,538,13.6,30.3,52.6,100
347,Enting-enting gepuk kacang tanah,524,13.3,29.2,52,100
348,Enting-enting wijen,565,18.2,38.4,36.8,100
349,Erbis,70,0.6,0,18.9,100
350,Es krim,210,4,12.5,20.6,100
351,Es Krim (Coconut milk) ,156.7,3,1.7,32.7,100
352,Es Mambo ,152,0,0,37.6,100
353,Es Sirup ,44.8,0,0,11.3,100
354,Fillet o-fish,270,12.3,15.9,19.3,100
355,Gadeng/Gadung kering,322,2.4,0.6,76.6,100
356,Gado-gado,137,6.1,3.2,21,100
357,Gadung kukus,88,0.8,0.3,20.9,100
358,Gadung mentah,101,2.1,0.2,23.2,100
359,Gadung ubi kukus,88,0.6,0.3,20.9,100
360,Gadung ubi segar,100,0.9,0.3,23.5,100
361,Gambas (Oyong),18,0.8,0.2,4.1,100
362,Gambas lodeh,13,0.3,0.6,1.6,100
363,Gandaria,68,0.7,0.1,18,100
364,Ganyong kukus,100,0.8,0.2,23.8,100
365,Ganyong mentah,95,1,0.1,22.6,100
366,Ganyong rebus,100,0.8,0.2,23.8,100
367,Ganyong segar,77,0.6,0.2,18.4,100
368,Gaplek,338,1.5,0.7,81.3,100
369,Gatep segar,191,4.5,1.5,39.7,100
370,Gatot,347,1.3,0.7,83.8,100
371,Geblek,195,0.4,1.7,44.4,100
372,Gelatine,389,0,0,91,100
373,Gembili,95,1.5,0.1,22.4,100
374,Gembili ubi segar,131,1.1,0.2,31.3,100
375,Gemblong,274,1.7,5.4,55.5,100
376,Gendar goreng,407,6.4,28.2,32,100
377,Genjer segar,35,1.7,0.2,7.7,100
378,Geplak,350,1.4,14.4,53.6,100
379,Geplak jahe,462,3.1,24.4,57.7,100
380,Gete kuah asam masakan,75,8.2,2,6,100
381,Getuk goreng,360,1.3,6.4,74.3,100
382,Getuk Lindri ,171.4,4,4,32,100
383,Getuk pisang,144,1.1,0.4,34.1,100
384,Getuk singkong,204,0.5,1.4,47.4,100
385,Ginjal Babi,114,16.3,4.6,0.8,100
386,Ginjal Domba,105,16.6,3.3,1,100
387,Ginjal Sapi,141,15,8.1,0.9,100
388,Gudeg ,53,1.6,1.6,8.8,100
389,Gudeg sayur,160,3.3,9.2,16,100
390,Gula Aren,368,0,0,95,100
391,Gula Kelapa,386,3,10,76,100
392,Gula Merah Tebu belum dimurnikan,356,0.4,0.5,90.6,100
393,Gula putih,394,0,0,94,100
394,Gulai asam keueung masakan,52,10,0.5,1.8,100
395,Gulai ikan masakan,106,16.5,3.3,2.5,100
396,Gulai ikan paya masakan,148,10,9.8,5,100
397,Gulai kambing,126,4.2,9.4,6.2,100
398,Gulai keumamah masakan,110,5.9,8.2,3.2,100
399,Gulai pakis,143,4,11.4,6,100
400,Gulai pliek,176,7.3,14.9,3.2,100
401,Gulai tiram masakan,132,9,7.2,7.8,100
402,Gurame asem manis masakan,192,12.7,10.1,12.7,100
403,Gurandil,218,0.5,2.5,48.5,100
404,Ham,389,16.9,35,0.3,100
405,Hangop,65,10,1,3.5,100
406,Hati Babi,134,19.7,4.8,1.7,100
407,Hati Sapi,136,19.7,3.2,6,100
408,Havermout,390,14.2,7.4,68.2,100
409,Hofa/Ubi hutan segar,127,1.2,0.5,29.5,100
410,Ikan asar merah masakan,146,17.7,5.9,5.6,100
411,Ikan Asin bilis goreng,380,33.6,27.5,0,100
412,Ikan Asin gabus goreng,456,46.5,24.4,0,100
413,Ikan Asin japuh goreng,348,18.7,29.5,0,100
414,Ikan Asin kering,193,42,1.5,0,100
415,Ikan Asin pari goreng,430,58.2,23.6,0,100
416,Ikan Asin pepetek goreng,652,40.4,54.3,0,100
417,Ikan Asin sirinding goreng,319,6.9,31.7,0,100
418,Ikan Asin teri goreng,430,33.4,32.4,0,100
419,Ikan Bader (Tawes),198,19,13,0,100
420,Ikan balong segar,107,16.5,3.9,1.5,100
421,Ikan bambangan segar,112,20,1.3,3.7,100
422,Ikan Bandeng,129,20,4.8,0,100
423,Ikan bandeng presto masakan,296,17.1,20.3,11.3,100
424,Ikan banjar segar,111,19.4,0.9,4.8,100
425,Ikan baronang segar,78,14.5,0.6,3.7,100
426,Ikan baung bakar,144,17.8,5.8,5.2,100
427,Ikan baung segar,123,15.1,5.5,3.3,100
428,Ikan Bawal,96,19,1.7,0,100
429,Ikan Bekasang,138,14,0.7,7.4,100
430,Ikan Belida bakar,128,18,3,7.2,100
431,Ikan Belida segar,80,14.7,1.4,2.2,100
432,Ikan Belut Segar goreng,417,25.9,19.4,32,100
433,Ikan Belut Segar mentah,82,6.7,1,10.9,100
434,Ikan Beunteur,66,14,0,0,100
435,Ikan biawan segar,90,14.9,2.5,2.1,100
436,Ikan bili segar,88,14.2,0.7,6.2,100
437,Ikan bubara segar,100,14.7,2.4,4.9,100
438,Ikan bulan-bulan segar,134,25.5,1.3,5,100
439,Ikan cakalang asap mentah,204,34.2,5.6,1.9,100
440,Ikan cakalang asin mentah,198,36.5,2.2,5.5,100
441,Ikan cakalang hati segar,120,11.3,3.9,10,100
442,Ikan cakalang jantung segar,116,11.2,1.2,10.2,100
443,Ikan cakalang perut segar,86,10.2,1.1,8.7,100
444,Ikan cakalang segar,107,19.6,0.7,5.5,100
445,Ikan calo/ peda mentah,81,11.4,1.9,3.8,100
446,Ikan daun segar,101,11.5,4.1,4.6,100
447,Ikan Ekor Kuning,109,17,4,0,100
448,Ikan Gabus asap mentah,261,38.1,2.3,21.9,100
449,Ikan Gabus kering,292,58,4,0,100
450,Ikan Gabus segar,74,25.2,1.7,0,100
451,Ikan gete goreng,267,23.1,19.4,0.2,100
452,Ikan hitam segar,101,10.3,3.7,6.7,100
453,Ikan hiu kering,298,46.3,3.6,20.2,100
454,Ikan hiu segar,57,10.7,0.3,2.2,100
455,Ikan kacangan segar,77,15.6,0.9,1.6,100
456,Ikan kakap segar,92,20,0.7,0,100
457,Ikan kakatua segar,82,11.4,1.2,6.4,100
458,Ikan kapar segar,132,17,6.7,0.8,100
459,Ikan katombo asin,162,31.7,2.8,0.3,100
460,Ikan kawalinya segar,110,12.6,4.2,5.4,100
461,Ikan kayu kering,302,70.7,1.9,0.4,100
462,Ikan Kembung,103,22,1,0,100
463,Ikan kima segar,70,10.8,0.7,5.2,100
464,Ikan Lais bakar,147,17.5,6.5,5.4,100
465,Ikan Layang,109,22,1.7,0,100
466,Ikan layur segar,82,18,1,0.4,100
467,Ikan lehoma segar,90,20.4,0.9,0,100
468,Ikan Lele goreng,252,19.9,19.1,0,100
469,Ikan Lemuru,112,20,3,0,100
470,Ikan lidah segar,104,15.6,3.2,2,100
471,Ikan lomak asin mentah,258,40.3,2.3,18.9,100
472,Ikan malalugis segar,99,20.6,1.4,0.9,100
473,Ikan Mas,86,16,2,0,100
474,Ikan Mas goreng,188,19.3,12.2,0,100
475,Ikan Mas pepes,209,15.2,11.3,11.8,100
476,Ikan mayong segar,97,17.9,2,0.4,100
477,Ikan Mujair dendeng goreng,598,74.3,26.9,9.2,100
478,Ikan Mujair dendeng mentah,582,68.3,15.2,37.2,100
479,Ikan Mujair goreng,416,46.9,23.9,0,100
480,Ikan Mujair pepes,121,21.7,2.8,0.8,100
481,Ikan Mujair segar,89,18.7,1,0,100
482,Ikan nasu metti segar,154,16.8,5,10.5,100
483,Ikan oci kembung segar,125,21.3,3.4,2.2,100
484,Ikan Papuyu bakar,152,17.6,6.1,6.7,100
485,Ikan papuyu/ betok segar,120,14.3,4.9,4.6,100
486,Ikan Patin bakar,144,17.5,6.3,4.3,100
487,Ikan Patin segar,132,17,6.6,1.1,100
488,Ikan peda banjar mentah,156,28,4,2,100
489,Ikan Pepetek,176,32,4.4,0,100
490,Ikan Pindang banjar mentah,157,28,4.2,1.8,100
491,Ikan Pindang benggol mentah,170,31,4.2,0,100
492,Ikan Pindang layang mentah,153,30,2.8,0,100
493,Ikan Pindang selar mentah,142,27,3,0,100
494,Ikan sale lais mentah,415,61.3,17.6,2.9,100
495,Ikan Sale segar,534,40.2,39.3,4.9,100
496,Ikan saluang kering mentah,284,34.1,9.9,14.6,100
497,Ikan saluang segar,113,13.9,4.9,3.4,100
498,Ikan sanggang masakan,240,21.7,7.7,20.7,100
499,Ikan sarden segar,109,19.9,1.8,3.4,100
500,Ikan Segar,113,17,4.5,0,100
501,Ikan Selar kering,194,38,3.5,0,100
502,Ikan selar kuning cue mentah,138,27,3.3,0,100
503,Ikan selar segar,100,18.8,2.2,0,100
504,Ikan Sepat kering,289,38,14,0,100
505,Ikan sepat segar,84,15.2,0.6,4.7,100
506,Ikan sidat segar,81,11.4,1.9,3.8,100
507,Ikan sunu asin mentah,199,34.1,3.8,7.1,100
508,Ikan sunu segar,111,13.3,3.4,6.7,100
509,Ikan tahuman segar,88,15.9,0.9,4.1,100
510,Ikan tarmon segar,96,19.5,1.1,2,100
511,Ikan telan segar,95,15.8,0.7,6.5,100
512,Ikan telur asin mentah,358,20.7,26.4,9.4,100
513,Ikan Tembang,204,16,15,0,100
514,Ikan tempahas segar,101,15.1,4.1,1,100
515,Ikan tepung mentah,316,60.1,6.5,22.4,100
516,Ikan terbang segar,98,19.6,1.7,1,100
517,Ikan Teri bubuk,277,60,2.3,1.8,100
518,Ikan Teri kering,170,33.4,3,0,100
519,Ikan Teri Kering tawar,331,68.7,4.2,0,100
520,Ikan Teri Nasi kering,144,32.5,0.6,0,100
521,Ikan teri segar,74,10.3,1.4,4.1,100
522,Ikan Teri tepung,347,48.8,6.4,19.6,100
523,Ikan titang segar,82,17.4,0.4,2.3,100
524,Ikan tongkol segar,100,13.7,1.5,8,100
525,Ikan turi segar,96,19.2,2,0.2,100
526,Intip goreng,474,7.6,21.6,62.3,100
527,Itik alabio daging dendeng mentah,496,30.3,33.5,18.4,100
528,Jagung grontol,156,2.7,1.3,33.3,100
529,Jagung Kuning giling,361,8.7,4.5,72.4,100
530,Jagung Kuning muda,129,4.1,1.3,30.3,100
531,Jagung Kuning pipil baru,307,7.9,3.4,63.6,100
532,Jagung kuning pipil kering mentah,366,9.8,7.3,69.1,100
533,Jagung Kuning pipil lama,355,9.2,3.9,73.7,100
534,Jagung kuning pipil rebus,154,3.8,3.5,28.4,100
535,Jagung Kuning segar,140,4.7,1.3,33.1,100
536,Jagung kuning tepung,355,9.2,3.9,73.7,100
537,Jagung muda,35,2.2,0.1,7.4,100
538,Jagung muda kuning mentah,147,5.1,0.7,31.5,100
539,Jagung muda rebus,142,5,0.7,30.3,100
540,Jagung pipil var. harapan kering,367,6.2,5.1,76.2,100
541,Jagung pipil var. metro kering,368,5.5,4.6,78,100
542,Jagung Putih giling,361,8.7,4.5,72.4,100
543,Jagung Putih muda,129,4.1,1.3,30.3,100
544,Jagung Putih pipil baru,307,7.9,3.4,63.6,100
545,Jagung Putih pipil lama,355,9.2,3.9,73.7,100
546,Jagung Putih segar,140,4.7,1.3,33.1,100
547,Jagung Rebus ,175,1.8,1.8,35,100
548,Jagung Sayur (tumis) ,148.9,10.4,10.4,20.1,100
549,Jagung titi,374,9.4,2.2,79.1,100
550,Jahe,51,1.5,1,10.1,100
551,Jali,289,11,4,61,100
552,Jam selai,239,0.5,0.6,64.5,100
553,Jambal goreng,286,48.5,9.2,2.3,100
554,Jambu Air,46,0.6,0,11.8,100
555,Jambu Biji,49,0.9,0.3,12.2,100
556,Jambu biji putih tidak berbiji,61,0.9,0.3,15.4,100
557,Jambu Bol,56,0.6,0.3,14.2,100
558,Jambu Monyet buah,64,0.7,0.6,15.8,100
559,Jampang huma mentah,350,6.2,1.4,78.2,100
560,Jamur Coklat (kulat siau),45,2.5,3.9,0,100
561,Jamur encik,296,9.4,1.1,62,100
562,Jamur kuping kering,294,16,0.9,64.6,100
563,Jamur kuping segar,21,3.8,0.6,0.9,100
564,Jamur merang segar,30,3.5,0.2,4,100
565,Jamur Putih (kulat putih),48,2.8,4.1,2.9,100
566,Jamur sagu,48,1.9,3.2,2.8,100
567,Jamur tiram segar,30,1.9,0.1,5.5,100
568,Jangang bintatoeng masakan,107,5.3,2.2,16.5,100
569,Jantung Pisang segar,31,1.2,0.3,7.1,100
570,Japilus,500,1.2,25.1,67.3,100
571,Jaruk Tigarun,48,2.5,4.2,0,100
572,Jawawut,334,9.7,3.5,73.4,100
573,Jenang ,381.7,9.5,9.5,65.8,100
574,Jengkol segar,192,5.4,0.3,40.7,100
575,Jeruk Bali,48,0.6,0.2,12.4,100
576,Jeruk banjar segar,61,0.8,0.2,14.1,100
577,Jeruk Garut,44,0.8,0.3,10.9,100
578,Jeruk Kalamansi segar,39,0.3,0.3,8.9,100
579,Jeruk Manis,45,0.9,0.2,11.2,100
580,Jeruk Nipis,37,0.8,0.1,12.3,100
581,Jeruk ragi segar,49,0.7,0.2,11.1,100
582,Jotang,32,1.9,0.3,7.1,100
583,Jukku pallu kaloa masakan,15,15.2,4.3,8.8,100
584,Kabau segar,130,6.7,0.3,25.2,100
585,Kaburan ubi segar,133,1,0.2,32.2,100
586,Kabuto,250,2.6,2.5,35.4,100
587,Kacang Andong,356,20.5,4.1,61.6,100
588,Kacang Arab,330,23.8,1.4,60.2,100
589,Kacang atom,533,27.8,38.1,28.8,100
590,Kacang babi kering,341,30.4,3.2,51.3,100
591,Kacang belimbing (kecipir) kering,400,34.4,16.9,34.1,100
592,Kacang Belimbing rebus,204,16.9,8.8,17.5,100
593,Kacang Belimbing tempe,212,17.5,10,12.9,100
594,Kacang beracun segar,118,4.4,1.5,21.6,100
595,Kacang Bogor goreng,479,12.7,23.2,58.9,100
596,Kacang bogor kering,370,16,6,65,100
597,Kacang Bogor rebus,161,7.7,2.8,27.1,100
598,Kacang bogor segar,165,7.7,3.1,27.4,100
599,Kacang Endel biji,331,25,1,58,100
600,Kacang ercis segar,129,12.4,0.7,18.3,100
601,kacang galing segar,336,23.1,1.7,59.5,100
602,Kacang goyang,516,14.7,31.1,44.4,100
603,Kacang Gude biji,336,20.7,1.4,62,100
604,Kacang gude biji kering,316,20.7,1,58,100
605,Kacang Gude biji muda,114,7,0.6,20.8,100
606,Kacang Gude muda,123,8.4,0.6,1.8,100
607,Kacang gude rebus,147,9,0.5,27.5,100
608,Kacang hijau kering,323,22.9,1.5,56.8,100
609,kacang hijau rebus,109,8.7,0.5,18.3,100
610,Kacang hijau var. bakti kering,350,17.1,1.8,70.7,100
611,Kacang hijau var. siwalik kering,339,20.8,2.1,64.6,100
612,Kacang hitam kering,346,16.6,1.7,66.1,100
613,Kacang Ijo,345,22.2,1.2,62.9,100
614,Kacang Kapri Goreng ,445,11,11,65.5,100
615,Kacang Kapri muda,98,6.7,0.4,17.7,100
616,Kacang Kedelai basah,286,30.2,15.6,30.1,100
617,Kacang kedelai goreng,521,32.2,37.7,22.9,100
618,Kacang kedelai kering,381,40.4,16.7,24.9,100
619,Kacang Kedelai kukus,75,4.1,2.1,10.7,100
620,Kacang kedelai rebus,189,20.2,8.2,12.7,100
621,Kacang kedelai segar,286,30.2,15.6,30.1,100
622,Kacang komak segar,327,16.4,4.3,55.8,100
623,Kacang kuning kering,355,17,2.5,66,100
624,Kacang lebui /iris kering,346,16.5,1.5,66.6,100
625,Kacang mekah polong segar,22,1.1,1,3.4,100
626,Kacang mentega kering,344,16.7,2.1,64.6,100
627,Kacang Merah,336,23.1,1.7,59.5,100
628,Kacang merah /banda kering,350,13.9,3,66.9,100
629,Kacang merah kering,314,22.1,1.1,56.2,100
630,Kacang Merah kering rebus,158,10.3,0.9,28.2,100
631,Kacang merah segar,171,11,2.2,28,100
632,Kacang Merah segar rebus,144,10,1,24.7,100
633,Kacang merah tua kering,280,16.7,1.6,63.2,100
634,Kacang mete/biji jambu monyet goreng,629,20.4,56.3,19.8,100
635,Kacang mete/biji jambu monyet segar,616,16.3,48.4,28.7,100
636,Kacang negara,480,18.4,19.1,58.5,100
637,Kacang Panjang,44,2.7,0.3,7.8,100
638,Kacang Panjang biji,357,17.3,1.5,70,100
639,Kacang Panjang kukus,39,3,0.6,7.6,100
640,Kacang Panjang tumis,150,2.5,12.5,7,100
641,Kacang ranti polong,37,3.1,0.2,7.9,100
642,Kacang sukro,484,8.8,26.1,57.7,100
643,Kacang Sukro Putih ,488,25.6,25.6,59.6,100
644,Kacang Tanah atom,535,27.8,38.1,28.8,100
645,Kacang tanah goreng,564,25.5,44.4,25.5,100
646,Kacang Tanah kacang sari,561,25.5,43.8,26,100
647,Kacang tanah kering,525,27.9,42.7,17.4,100
648,Kacang Tanah Rebus ,385,14,31,13,100
649,Kacang Tanah rebus berkulit,360,13.5,31.2,12.8,100
650,Kacang Tanah rempeyek,513,17.5,32.5,44.3,100
651,Kacang Tanah sangan berselaput,569,28.8,48.4,15.8,100
652,Kacang tanah sangan tanpa selaput,559,26.9,44.2,23.6,100
653,Kacang tanah sari,561,25.5,43.8,26,100
654,Kacang Telur ,748,20.8,20.8,124.8,100
655,Kacang tolo / tunggak kering,331,24.4,1.9,56.6,100
656,Kacang tolo rebus,138,10.7,1.1,22.6,100
657,Kacang Tunggak (tolo),342,22.9,1.4,61.6,100
658,Kacang Tunggak rebus,138,10.7,1.1,22.6,100
659,Kacang Tunggak rempeyek,451,11.2,20.2,59.7,100
660,Kacang tunis kering,351,12.2,1.2,72.9,100
661,Kacang uci kering,358,23.4,2.4,60.6,100
662,Kacang urei kering,354,12.8,1.8,69.3,100
663,Kadada katembe,110,4.5,6.9,7.1,100
664,Kaholeo masakan,413,28.7,19.8,29.8,100
665,Kakap,92,20,0.7,0,100
666,Kalakai,66,2.8,6.8,3.4,100
667,Kalio jeroan masakan,163,16.5,9,4.1,100
668,Kalio kikil (tunjang) masakan,122,13.8,5.7,3.9,100
669,Kalio otak masakan,157,8.1,8.8,11.4,100
670,Kalio telur masakan,193,10.6,12.4,9.7,100
671,Kambing daging segar,149,16.6,9.2,0,100
672,Kambose,164,3,2.4,32.6,100
673,Kangkung,29,3,0.3,5.4,100
674,Kangkung kukus,30,3.2,0.7,4.7,100
675,Kangkung rebus,22,2.5,0.6,3.1,100
676,Kangkung tondano,43,1.8,0.2,8.4,100
677,Kangkung tumis,52,1.8,3.6,3,100
678,Kaparende sayur,38,2.4,2,2.6,100
679,Kapri Muda,42,3.3,0.2,9.6,100
680,Kapurung,41,2,0.3,7.8,100
681,Kapusa,158,4.4,3.2,27.8,100
682,Karawila,25,2.3,0.2,3.5,100
683,Karedok ,146.7,5.9,5.9,19.7,100
684,Karedok sayur,92,2.2,3.3,14.1,100
685,Karoket ,292,11.2,11.2,2.8,100
686,Katak,73,16.4,0.3,0,100
687,Katul Beras,275,12.6,14.8,54.6,100
688,Katul Jagung,356,9,8.5,64.5,100
689,Kawista segar,120,3.5,2.5,20.8,100
690,Kecap,46,5.7,1.3,9,100
691,Kecimpring singkong goreng,464,1.2,18.6,73,100
692,Kecipir biji,405,32.8,17,36.5,100
693,Kecipir buah muda,35,2.9,0.2,0.8,100
694,Kecipir muda segar,32,2.9,0.2,5.8,100
695,Kecombrang segar,34,0.9,1,6.7,100
696,Kedondong segar ,47,0.5,0.2,10.4,100
697,Keju,326,22.8,20.3,13.1,100
698,Keju Kacang Tanah,590,27,49,20.9,100
699,Kelapa hutan kering,623,2,52.1,36.5,100
700,Kelapa Muda air,17,0.2,0.1,3.8,100
701,Kelapa Muda daging,68,1,0.9,14,100
702,Kelapa Setengah Tua daging,180,4,15,10,100
703,Kelapa Tua daging,359,3.4,34.7,14,100
704,Kelepon ,214,5.4,5.4,40.2,100
705,Kelewih,111,1.5,0.3,27.2,100
706,Kelinci daging segar,142,16.9,7.8,0,100
707,Kemang,48,1,0.2,11.9,100
708,Kembang tahu,380,48.9,13.8,23.3,100
709,Kembang Turi,44,1.8,0.6,9.6,100
710,Kemiri,636,19,63,8,100
711,Kenari,657,15,66,13,100
712,Kenari banda kering,616,13.9,56.2,13.7,100
713,Kentang,83,2,0.1,19.1,100
714,Kentang Hitam,142,0.9,0.4,33.7,100
715,Keong,64,12,1,2,100
716,Kepala Susu (Krim),204,2.6,20,4,100
717,Kepiting,151,13.8,3.8,14.1,100
718,Kerang,59,18,1.1,3.6,100
719,Kerang asap mentah,393,38.9,13.3,29.4,100
720,Kerang dendeng mentah,357,41.1,10,25.6,100
721,Kerbau daging segar,79,18.7,0.5,0,100
722,Keremes,475,1.6,25.5,64.4,100
723,Keribang ubi segar,137,1.3,1.1,29.8,100
724,Keripik bayam,586,4.9,40.6,50.2,100
725,Keripik gadung,446,2.8,14.5,76,100
726,Keripik kentang,448,2.7,18.8,67.1,100
727,Keripik lampung,485,1.7,22.2,69.7,100
728,Keripik oncom,598,8.3,43.8,42.6,100
729,Keripik singkong,478,0.9,20.7,72,100
730,Keripik singkong berbumbu,481,2.2,19.7,73.6,100
731,Keripik tempe,581,12.1,40.6,41.7,100
732,Keripik tempe abadi murni,542,40.3,42.4,11.6,100
733,Keripik tempe abadi sedang,510,12.3,27.9,52.4,100
734,Keripik tempe abadi telur,529,20.8,31.7,40.2,100
735,Keripik ubi,486,0.2,23.9,67.6,100
736,Kerokot segar,26,1.7,0.4,3.8,100
737,Kerupuk Aci,350,0.5,0.2,85.9,100
738,Kerupuk cumi goreng,444,6.9,14.6,71.3,100
739,Kerupuk Ikan berpati,342,16,0.4,65.6,100
740,Kerupuk kemplang  (ikan) mentah,325,1.8,0.4,78.5,100
741,Kerupuk kemplang goreng,504,5.6,28.1,57.1,100
742,Kerupuk kemplang panggang,356,9.7,1.1,76.9,100
743,Kerupuk Kulit kerbau,422,83,4,0,100
744,Kerupuk Melinjo mentah,345,12,1.5,71.5,100
745,Kerupuk Melinjo tebal goreng asin,431,11.1,16.2,63,100
746,Kerupuk Melinjo tebal goreng manis,439,10,16.4,65.7,100
747,Kerupuk Melinjo tipis goreng,485,11.5,24.5,59.1,100
748,Kerupuk mie kuning goreng,476,0.1,21.1,71.3,100
749,Kerupuk Sayong ,46.7,17.3,17.3,81.3,100
750,Kerupuk Udang ,340,30,30,52,100
751,Kerupuk Udang berpati,359,17.2,68.2,332,100
752,Kerupuk udang goreng,477,4.7,20.5,68.5,100
753,Kerupuk urat,588,53.7,40.9,1.2,100
754,Kesemek,78,0.8,0.4,20,100
755,Ketan hitam matang,181,4,1.2,37.3,100
756,Ketan putih matang,163,3,0.4,35.7,100
757,Ketapang ,340,11,11,54,100
758,Ketela Pohon Kuning,157,0.8,0.3,37.9,100
759,Ketela singkong segar,154,1,0.3,36.8,100
760,Ketela pohon/singkong kukus,153,1.2,0.3,36.4,100
761,Ketimun,12,0.7,0.1,2.7,100
762,Ketimun madura segar,9,0.5,0.1,1.9,100
763,Ketoprak,153,7.9,7.7,13,100
764,Ketumbar,404,14.1,16.1,54.2,100
765,Ketupat ketan,212,4,4.6,38.6,100
766,Ketupat Tahu ,109.6,2.6,2.6,18.6,100
767,Kluwek,310,10,24,13.5,100
768,Kodok segar,73,16.4,0.3,0,100
769,Kokosan,86,1.6,0.2,13,100
770,Komak polong segar,99,3.3,0.1,21.2,100
771,Kool Kembang,25,2.4,0.2,4.9,100
772,Kool Merah kool putih,24,1.4,0.2,5.3,100
773,Kopi bagian yang larut,352,17.4,1.3,69,100
774,Kopi bubuk instant,129,12.3,0.5,35,100
775,Koro andong kering,356,20.5,4.1,61.6,100
776,Koro Benguk biji,332,24,3,55,100
777,Koro Benguk tempe,141,10.2,1.3,23.2,100
778,Koro Kerupuk biji,125,8.3,0.7,22.1,100
779,Koro Loke biji,33,2.7,0.2,7.9,100
780,Koro Roway biji,344,12.5,2.1,69.4,100
781,Koro Wedus biji,338,22.2,1.5,61,100
782,Koro Wedus buah muda,38,3,0.3,7.9,100
783,Koro wedus polong,46,3,0.3,7.9,100
784,Kotiu hinela tawang nggole,46,2.2,1.5,6,100
785,Koya,366,4.2,4.3,77.5,100
786,Koya mirasa,370,8,1,82.2,100
787,Kranji segar,315,2.1,1.4,73.5,100
788,Kripik Tempe Goreng ,542,40.3,42.4,11.5,100
789,Krokot,21,1.7,0.4,3.8,100
790,Kucai,45,2.2,0.3,10.3,100
791,Kucai Muda (Lokio),42,3.8,0.6,7.8,100
792,Kuda daging segar,113,18.1,4.1,0.9,100
793,Kue ali,440,3.8,18.5,64.5,100
794,Kue Apem ,186.7,1.6,1.6,39.6,100
795,Kue bangket,338,1.5,1.2,80.3,100
796,Kue Bugis ,240,1,4,54,100
797,Kue jahe,425,1.6,8.8,84.6,100
798,Kue kelapa,591,5.6,42.1,47.5,100
799,Kue Koya ,366,4.2,4.3,7.9,100
800,Kue lumpur,291,3.6,11.1,44.1,100
801,Kue mangkok ,182,1,1,40.4,100
802,Kue Pacar Cina ,126.7,0.7,0.7,57.3,100
803,Kue Pia ,296,1.4,1.4,66.4,100
804,Kue putu cangkir,304,5.3,7,54.9,100
805,Kue putu singkong,217,1.2,0.5,53.2,100
806,Kue Satu ,393.3,2.7,2.7,79.3,100
807,Kue Semprong ,380,1,1,92,100
808,Kue sus,221,7.5,10.2,24.8,100
809,Kue Talam ,180,5,5,32,100
810,Kue Tambang ,512,26,26,60.4,100
811,Kue thipan,247,2.9,4.2,49.5,100
812,Kulit melinjo,111,4.5,1.1,20.7,100
813,Kundur segar,22,0.4,0.2,4.7,100
814,Kunyit,63,2,2.7,9.1,100
815,Kura-kura,83,19.1,0.2,0,100
816,Kwaci,515,30.6,42.1,13.8,100
817,Kwark (Quark),242,19,17,3,100
818,Labu Air,17,0.6,0.2,3.8,100
819,Labu kuning segar,51,1.7,0.5,10,100
820,Labu Siam,26,0.6,0.1,6.7,100
821,Labu waluh segar,32,1.1,0.1,6.6,100
822,Laksa ,166.3,2.7,3.9,29.5,100
823,Lamtoro (pete cina) biji muda,85,5.7,0.3,15.4,100
824,Lamtoro biji tua,148,10.6,0.5,26.2,100
825,Lamtoro tempe,142,11,2.5,20.4,100
826,Lamtoro var. gung tanpa kulit,367,46.4,5.4,32.5,100
827,Lamtoro var. lokal dengan kulit,336,23.8,1.2,59.7,100
828,Langsat,56,0.9,0.2,14.3,100
829,Lantar segar,34,2.2,0.3,5.5,100
830,Lanting getuk,422,0.9,10.8,80.4,100
831,Lapis legit,389,6.6,15.7,55.5,100
832,Lawar babi masakan,174,17,10,3,100
833,Lawar penyu masakan,141,23,1.5,7.6,100
834,Lawara jangang masakan,159,5,10.9,10.1,100
835,Lawara penjah masakan,207,7.4,15.4,9.6,100
836,Ledre pisang,405,4.8,5.1,84.9,100
837,Lema/ Rebung asam,15,1,0.4,1.9,100
838,Lemak Babi,902,0,100,0,100
839,Lemak Babi (Bacon),630,9.1,65,1.1,100
840,Lemak ikan,372,12,29.4,14.4,100
841,Lemak Kerbau,818,1.5,90,0,100
842,Lemon segar,34,0.5,0.8,6.2,100
843,Lemon Squasih,36,0,0,10,100
844,Lemonade,30,0,0,8,100
845,Lemper ,221.3,3.8,3.6,43.4,100
846,Lempog durian,320,3.5,5.7,63.7,100
847,Lepok/Ubi rumput,181,2.8,1.2,39.8,100
848,Leunca buah,33,1.9,0.1,7.4,100
849,Leupeut Ketan ,240,7.8,0.5,51.3,100
850,Leverwost (sosis hati),387,16,22,3,100
851,Lilin bungkus gedi,79,2.3,5.2,5.8,100
852,Lobak,19,0.9,0.1,4.2,100
853,Lokan segar,217,11,1.7,5.1,100
854,Lontar segar,27,0.4,0.2,6,100
855,Lopis ,163.3,2.8,2.2,33,100
856,Lumai/Leunca segar,38,1.1,0.3,7.6,100
857,Lupis ketan,164,1.8,2.1,34.5,100
858,Madu,294,0.3,0,79.5,100
859,Maizena tepung,341,0.3,0,85,100
860,Makaroni,363,8.7,0.4,78.7,100
861,Mangga benggala segar,63,2.4,0.4,12.4,100
862,Mangga Gedong,44,0.7,0.2,11.2,100
863,Mangga Golek,63,0.5,0.2,16.7,100
864,Mangga Harum Manis,46,0.4,0.2,11.9,100
865,Mangga Indramayu,72,0.8,0.2,18.7,100
866,Mangga Kopek,56,0.4,0.2,14.6,100
867,Mangga kwini segar,86,0.7,0.5,19.8,100
868,Mangga manalagi segar,133,1,0.1,32.1,100
869,Mangga Muda,59,0.5,0.4,15.1,100
870,Mangga segar,52,0.7,0,12.3,100
871,Manggis,63,0.6,0.6,15.6,100
872,Margarin,720,0.6,81,0.4,100
873,Markisa segar,144,3.5,1.2,29.8,100
874,Markisa squash,217,2.5,1,49.6,100
875,Markisa squash BD,104,1.2,0.5,23.7,100
876,Martabak  manis,265.3,4.7,5.5,49.3,100
877,Martabak india,153,4.5,4.2,24.3,100
878,Martabak mesir,278,5.1,8.6,45,100
879,Martabak Telur ,200,8.9,5.1,29.5,100
880,Masekat,369,2.1,7,74.1,100
881,Matoa segar,90,1.2,0.1,21.1,100
882,Melase,276,0,0.1,71,100
883,Melinjo,66,5,0.7,13.3,100
884,Melon segar,37,0.6,0.4,7.8,100
885,Menjangan daging dendeng mentah,322,55.8,2,22.7,100
886,Mentega,725,0.5,81.6,1.4,100
887,Menteng,65,1.7,0.2,16.1,100
888,Merica,359,11.5,6.8,64.4,100
889,Mi basah,88,0.6,3.3,14,100
890,Mi golosor,71,0.2,0.8,15.9,100
891,Mi kering,339,10,1.7,6.3,100
892,Mie aceh rebus,113,3,3.2,18.1,100
893,Mie ayam,102,6.2,3.9,10.5,100
894,Mie bakso,114,5.3,3,16.4,100
895,Mie basah,86,0.6,3.3,14,100
896,Mie Bendo,353,0.3,0,88,100
897,Mie celon,102,3,2.1,17.8,100
898,Mie Goreng ,468,7.6,20.4,62.4,100
899,Mie kering,337,7.9,11.8,50,100
900,Mie pangsit basah,105,5.9,4.9,9.4,100
901,Mie Sagu,190,0.2,0.4,46.5,100
902,Minyak Hati Hiu (Eulamia),902,0,100,0,100
903,Minyak Ikan,902,0,100,0,100
904,Minyak Kacang Tanah,902,0,100,0,100
905,Minyak kedelai,883,0,99.9,0,100
906,Minyak Kelapa,870,1,98,0,100
907,Minyak Kelapa Sawit,902,0,100,0,100
908,Minyak Wijen,902,0,100,0,100
909,Minyak Zaitun,884,0,100,0,100
910,Misoa,345,8.5,2.2,78,100
911,Misro ,218,0.8,16,50.2,100
912,Moon tahu,128,8,10,1.3,100
913,Mostarda metan -sawi,33,2.3,0.5,4.7,100
914,Mujahir acar kuning masakan,330,17.8,23.4,12.1,100
915,Naan maran sapi masakan,478,38.3,33.9,5.1,100
916,Nanas,52,0.4,0.2,13.7,100
917,Nanas palembang segar,58,0.7,0.2,13.3,100
918,Nangka biji,165,4.2,0.1,36.7,100
919,Nangka masak di pohon,106,1.2,0.3,27.6,100
920,Nangka Muda,51,2,0.4,11.3,100
921,Nasi,180,3,0.3,39.8,100
922,Nasi beras merah,149,2.8,0.4,32.5,100
923,Nasi gemuk,192,3.8,8.8,24.4,100
924,Nasi Goreng ,276,3.2,3.2,30.2,100
925,Nasi gurih,190,4.7,7.5,26,100
926,Nasi jagung,357,8.8,0.5,79.5,100
927,Nasi minyak,207,3.5,5,37.1,100
928,Nasi rames,155,10.3,4.2,19.1,100
929,Nasi tim,120,2.4,0.4,26,100
930,Nasi Uduk ,253.3,4.3,21,11.7,100
931,Nasu likku masakan,196,14.5,8.3,15.9,100
932,Noga Kacang Tanah ,600,14,41.7,42,100
933,Nopia spesial,387,5.3,7.6,74.3,100
934,Olah-olah,9,2.1,6,7.1,100
935,Oncom,187,13,6,22.6,100
936,Oncom ampas kacang hijau,376,14.9,6,65.7,100
937,Oncom Goreng ,363.3,19.3,19.3,40.3,100
938,Oncom Hitam Goreng ,284,12,14.4,13.6,100
939,Oncom Hitam Goreng bertepung ,306.7,9,18,27,100
940,Oncom kacang hijau + singkong,351,11,5.3,65.9,100
941,Oncom Kacang Tanah pepes,132,12.7,3.8,13.7,100
942,Oncom Kedele,187,13,6,22.6,100
943,Oncom Merah Goreng ,368,6.8,32,13.2,100
944,Oncom Merah Goreng bertepung ,320,7.3,18.7,31,100
945,Oncom Merah Sayur (tumis) ,40,2,2,3,100
946,Oncom pepes,76,5.2,1.8,10.6,100
947,Onde-onde ,288.6,8.3,8.9,44.3,100
948,Ongol-ongol ,115,1.5,6,14,100
949,Ongol-ongol sagu,111,0.3,2.7,21.2,100
950,Opak Singkong ,940,36,42,104,100
951,Oramu ninahu ndawa olaho masakan,117,13.7,5,4.3,100
952,Otak,125,10.4,8.6,0.8,100
953,Oyek,351,0.9,0.9,84.9,100
954,Oyek (dari singkong),342,2.3,0.1,83.1,100
955,Paku hinela wulelenggapaya,77,3.5,4.6,5.4,100
956,Pala biji,494,7.5,36.4,40.1,100
957,Pala daging,42,0.3,0.2,10.9,100
958,Paniki masak santan masakan,460,28.5,35.2,7.2,100
959,Papais ,133.8,3,1.6,27,100
960,Papeda,61,0.2,0.1,14.9,100
961,Parede baleh masakan,87,10.5,2.5,5.5,100
962,Paria (Pare),29,1.1,0.3,6.6,100
963,Paria Putih kukus,16,0.8,0.2,3.4,100
964,Paria putih segar,19,1,0.4,3.6,100
965,Pastel,307,4.5,13.3,42.4,100
966,Pati Singkong (tapioka),362,0.5,0.3,86.9,100
967,Pe-Cay,23,1.8,0.3,4.5,100
968,Peda Ikan Banjar,156,28,4,0,100
969,Pelecing kangkung,75,2.5,2.8,10,100
970,Pelepah manuk masakan,219,19.7,13.6,4.4,100
971,Pempek adaan,162,4.9,3,27.8,100
972,Pempek belida,156,4.2,1.4,31.6,100
973,Pempek kapal selam,152,4.5,2.3,28.2,100
974,Pempek kelesan,211,12.3,6.1,26.6,100
975,Pempek kulit,243,5.2,7.3,39.1,100
976,Pempek tenggiri,173,7.2,1.2,33.4,100
977,Pencok lele masakan,372,7.8,36.3,3.5,100
978,Penyu serapah masakan,174,13.1,12.2,2.2,100
979,Pepare ular segar,19,0.6,0.1,3.9,100
980,Pepaya lodeh,275,11.6,11.6,30.2,100
981,Pepaya Muda,26,2.1,0.1,4.9,100
982,Pepaya segar,46,0.5,12,12.2,100
983,Pepea oncom ampas tahu,76,5.2,1.8,10.6,100
984,Permen ,400,0,0,95,100
985,Pete Segar,142,10.4,2,22,100
986,Peterseli,50,3.7,1,9,100
987,Petis Ikan,161,20,0.2,24,100
988,Petis Udang,220,15,0.1,40,100
989,Petis udang kering,345,23.8,1.4,59.3,100
990,Petis udang pasta,220,15,0.9,38,100
991,Pilus ,514,1,27.8,647,100
992,Pinda masakan,107,15.9,0.6,0.4,100
993,Pindang Ikan Banjar,157,28,4.2,0,100
994,Pindang Ikan Benggol,170,31,4.2,0,100
995,Pindang Ikan Layang,153,30,2.8,0,100
996,Pindang Ikan Selar Kecil,142,27,3,0,100
997,Pindang kenari masakan,124,9.5,9.6,0,100
998,Pisang Ambon,99,1.2,0.2,25.8,100
999,Pisang angleng (pisang ampyang) segar,68,1.3,0.2,17.2,100
1000,Pisang ayam segar,120,1.1,0.2,26.8,100
1001,Pisang gapi segar ,127,2.1,0.3,31.1,100
1002,Pisang Goreng ,220,2.3,2.3,6.3,100
1003,Pisang goroho segar,115,1.9,0.2,27.9,100
1004,Pisang hijau segar,117,2,0.3,28.9,100
1005,Pisang kayu segar,100,1.4,0.5,23.6,100
1006,Pisang kepok segar,109,0.8,0.5,26.3,100
1007,Pisang ketip segar,145,1.1,0.3,34.5,100
1008,Pisang kidang segar,96,1,0.2,22.5,100
1009,Pisang Lampung,99,1.3,0.2,25.6,100
1010,Pisang Mas,127,1.4,0.2,33.6,100
1011,Pisang mas bali,127,1.4,0.2,31.8,100
1012,Pisang Oli,134,1.1,0.5,35.5,100
1013,Pisang Raja,120,1.2,0.2,31.8,100
1014,Pisang Raja Sere (Susu),118,1.2,0.2,31.1,100
1015,Pisang rotan segar,98,1.3,1.2,20.5,100
1016,Pisang Siam goreng,625,1,0,8.1,100
1017,Pisang talas segar,113,1.2,0.2,26.7,100
1018,Prey (bawang daun),45,2.2,0.3,10.3,100
1019,Pucuk lumai/daun leunca segar,33,4.5,0.4,2.8,100
1020,Pulut,216,2.6,3.1,44.4,100
1021,Punai daging goreng,224,26.2,11.3,4.4,100
1022,Pundut nasi,104,1.9,4.1,15.1,100
1023,Purundawa,25,1.5,0.5,3.6,100
1024,Purut segar,76,4.1,1.1,15.2,100
1025,Putri malu segar,76,3.6,0.3,14.6,100
1026,Putri selat,163,2.2,6.5,23.8,100
1027,Putu Mayang ,200,1,2.4,43.8,100
1028,Ragi,136,43,2.4,3,100
1029,Rajungan segar,76,12.1,2,2.4,100
1030,Rambutan,69,0.9,0.1,18.1,100
1031,Rambutan Aceh,11,0,0,2.7,100
1032,Rambutan binjai segar,76,0.5,0.2,18,100
1033,Rambutan sinyonya,4,0,0,0.9,100
1034,Rarawuan ,295,7.3,8.5,47.5,100
1035,Rasbi (Beras Ubi),394,2.2,8.8,76.6,100
1036,Rasi (Beras Singkong),350,0.9,0.4,85.7,100
1037,Rawon masakan,60,5.4,2.5,4,100
1038,Rebon (udang kecil segar),81,16.2,1.2,0.7,100
1039,Rebon kering,299,29.4,3.6,3.2,100
1040,Rebon udang kecil segar,81,16.2,1.2,0.7,100
1041,Rebung,27,0.6,0.3,5.2,100
1042,Rebung laut mentah,320,7.2,4.2,63.3,100
1043,Rempeyek kacang tolo,451,11.2,20.2,59.7,100
1044,Rempeyek kacang uci,497,17,27.6,50.8,100
1045,Rendang sapi masakan,193,22.6,7.9,7.8,100
1046,Renggi goreng,471,4.7,21.8,64.1,100
1047,Rimbang segar,75,1.6,0.6,15.8,100
1048,Risoles ,335,5.3,3.5,70.5,100
1049,Roti boong,341,5.5,16.2,43.3,100
1050,Roti Gambang ,350,7.5,2,75.5,100
1051,Roti Putih,248,8,1.2,50,100
1052,Roti warna sawo matang,249,7.9,1.5,49.7,100
1053,Rujak cingur,153,11.3,8.4,8,100
1054,Rumput laut,41,1.4,0.3,8.1,100
1055,Rusa daging dendeng mentah,536,40.5,41.5,0,100
1056,Rusip,110,11.5,2,11.7,100
1057,RW anjing masakan,198,24.6,10.7,0.9,100
1058,Saga biji tanpa kulit,449,30.6,25.5,31.9,100
1059,Sagu Ambon ,338,0.6,0.3,83.1,100
1060,Sagu aren kering,355,0.6,1.1,85.6,100
1061,Sagu aren segar,231,0.6,0.2,56.6,100
1062,Sagu forno,291,0.5,4,63.4,100
1063,Sagu kasbi segar,230,0.6,0.2,56.5,100
1064,Sagu Lemak (Kue Sagon),452,2.8,14.8,76.8,100
1065,Sagu lempeng,347,0.9,0.3,85.2,100
1066,Sagu Rendang,364,0.1,0.2,90.5,100
1067,Sagu singkong kering,362,0.5,0.3,86.9,100
1068,Sagu sinole,354,0.8,8.3,68.9,100
1069,Salak bali segar,57,0.5,0.1,13.6,100
1070,Salak medan segar,55,0.4,0.2,12.8,100
1071,Salak pondoh segar,87,0.8,0.4,20.1,100
1072,Sale pisang siam,281,2.4,0.7,66.1,100
1073,Santan (dengan air),122,2,10,7.6,100
1074,Santan (kelapa saja),324,4.2,34.3,55.6,100
1075,Santan murni,324,4.2,34.3,5.6,100
1076,Saos Tomat,98,2,0.4,24.5,100
1077,Sapi abon,212,18,10.6,59.3,100
1078,Sapi babat segar,108,17.6,4.2,0,100
1079,Sapi daging asap,182,32,6,0,100
1080,Sapi daging dendeng mentah,301,55,9,0,100
1081,Sapi daging gemuk segar,273,17.5,22,0,100
1082,Sapi daging kornet,289,16,25,0,100
1083,Sapi daging kurus segar,174,19.6,10,0,100
1084,Sapi daging lemak sedang segar,201,18.8,14,0,100
1085,Sapi daging sosis (Worst),448,14.5,42.3,2.3,100
1086,Sapi daleman segar,183,12,14.4,1.4,100
1087,Sapi dideh/darah,98,21.9,1.1,0,100
1088,Sapi ginjal segar,137,15,8.1,0.9,100
1089,Sapi hati sosis (liverworst),274,16,22,3,100
1090,Sapi keleponan segar,84,10.5,4.6,0.2,100
1091,Sapi liver segar,132,19.7,3.2,6,100
1092,Sapi otak segar,123,10.4,8.6,0.8,100
1093,Sapi paru dendeng mentah,360,57.3,6,19.2,100
1094,Sapi paru goreng,268,23.9,12.7,14.5,100
1095,Sapi usus segar,126,14,7.2,1.5,100
1096,Sarang Burung,281,37.5,0.3,32.1,100
1097,Sardines dalam kaleng,338,21.1,27,1,100
1098,Sari Kedelai bubuk,344,30,20,43,100
1099,Sarimuka,166,2.3,2.8,32.9,100
1100,Sate Bandeng,283,12.1,16.8,20.9,100
1101,Sate Kulit ,110,15.5,0.5,11.5,100
1102,Sate penyu masakan,179,22.5,3.5,13.3,100
1103,Sate pusut masakan,274,12.9,18.6,13.6,100
1104,Sate Usus ,126.7,14,7.3,1.3,100
1105,Sawi,22,2.3,0.3,4,100
1106,Sawi putih / pecai segar,9,1,0.1,1.7,100
1107,Sawi taiwan segar,30,1.9,0.5,4.4,100
1108,Sawi tanah segar,19,1.3,0.2,2.9,100
1109,Sawo,92,0.5,1.1,22.4,100
1110,Sawo duren segar,64,1,3.1,8,100
1111,Sawo kecik segar,111,0.9,2.3,21.6,100
1112,Sawo Manila segar,92,0.5,1.1,22.4,100
1113,Sayur asem,29,0.7,0.6,5,100
1114,Sayur bunga pepaya,49,1.7,0.3,9.8,100
1115,Sayur garu,178,2.6,13.9,10.6,100
1116,Sayur kohu-kohu,133,7.3,6.6,11.2,100
1117,Sayur lebui,64,2.1,0.6,12.5,100
1118,Sayur lilin-terubuk,36,2.7,0.7,4.8,100
1119,Sayur ndusuk,49,3.1,2.5,3.6,100
1120,Sayur sop,27,1.3,2,1,100
1121,Sayur umbut kelapa,67,5.2,2.9,5.1,100
1122,Sayur umbut rotan,57,5.4,2.6,3.1,100
1123,Selada,15,1.2,0.2,2.9,100
1124,Selada Air,17,1.7,0.3,3,100
1125,Selada Air rebus,19,2.7,0.2,2.9,100
1126,Seledri,20,1,0.1,4.6,100
1127,Semangka,28,0.5,0.2,6.9,100
1128,Semur Jengkol ,192.5,4.5,6,30.3,100
1129,Sente,64,0.6,0.3,14.8,100
1130,Sente talas segar,353,0.7,0.2,84.7,100
1131,Sepi masakan,88,7.9,1.6,10.6,100
1132,Serbuk Coklat,298,8,23.8,48.9,100
1133,Serimping talas kebumen,478,2.5,21.2,69.2,100
1134,Setrup sirup,213,0,0,55,100
1135,Shabu-shabu,88,3.2,8,0.8,100
1136,Sie reuboh masakan,474,11.2,42.5,11.7,100
1137,Singkah (rotan muda),81,5.1,4.5,5.1,100
1138,Singkong Goreng ,285,1,18,28,100
1139,Singkong kukus,146,1.2,0.3,34.7,100
1140,Singkong tape,173,0.5,0.1,42.5,100
1141,Siomay ,95.3,4.4,2.2,14.4,100
1142,Sirsak,65,1,0.3,16.3,100
1143,Sirup,213,0,0,55,100
1144,Sop buntut masakan,71,7.5,3.6,2.2,100
1145,Sop daging sapi masakan,49,5.8,0.5,5.3,100
1146,Sop kaki sapi masakan,68,9,1.9,3.7,100
1147,Sop kambing masakan,34,5.5,0.8,1.1,100
1148,Sop konro masakan,71,7.4,2.6,4.5,100
1149,Sop Kool,12,0.5,0.1,2,100
1150,Sop Kool dan Wortel,15,0.6,0.1,3.1,100
1151,Sop saudara masakan,89,7.2,5,3.9,100
1152,Soto bandung masakan,42,3.9,1.7,2.8,100
1153,Soto banjar masakan,110,2.9,9.5,3.2,100
1154,Soto betawi masakan,135,2.5,8.8,11.5,100
1155,Soto dengan Daging,127.5,2.6,9.4,8.3,100
1156,Soto jeroan masakan,92,11.8,4.3,1.4,100
1157,Soto kudus masakan,38,2.6,2.3,1.8,100
1158,Soto madura masakan,60,3.5,4.5,1.3,100
1159,Soto padang masakan,127,5.9,6.6,11,100
1160,Soto pekalongan masakan,94,3,6.8,5.1,100
1161,Soto pemalang masakan,75,3.6,5.2,3.5,100
1162,Soto sukaraja masakan,80,3.2,3.5,9,100
1163,Soto sulung masakan,86,2.3,8.5,0,100
1164,Soto tanpa Daging ,117.1,0.4,8.6,9.6,100
1165,Spaghetti,139,7.4,2.1,22.6,100
1166,Srikaya,101,1.7,0.6,35.2,100
1167,Sukiyaki masakan,75,5.6,0.4,12.2,100
1168,Sukun muda segar,119,1.4,0.2,28.1,100
1169,Sukun tua segar,126,1.6,0.2,24.5,100
1170,Susu asam untuk bayi bubuk,418,19,9,65.5,100
1171,Susu bubuk,513,24.6,30,36.2,100
1172,Susu Kambing,64,4.3,2.3,6.6,100
1173,Susu Kedelai,41,3.5,2.5,5,100
1174,Susu Kental Manis,336,8.2,10,55,100
1175,Susu Kental Tak Manis,138,7,7.9,9.9,100
1176,Susu Kerbau,160,6.3,12,7.1,100
1177,Susu Sapi,61,3.2,3.5,4.3,100
1178,Susu Skim (tak berlemak),36,3.5,0.1,5.1,100
1179,Susu skim bubuk,359,35.6,1,52,100
1180,Susu skim segar,36,3.5,0.1,5.1,100
1181,Susupan,87,5.3,5.2,6.3,100
1182,Suweg kukus,90,1.5,0.1,21.9,100
1183,Suweg mentah,69,1,0.1,15.7,100
1184,Suweg talas segar,74,1.4,0.1,17.2,100
1185,Suwir-suwir,347,0.5,0.9,84.2,100
1186,Tahu,68,7.8,4.6,1.6,100
1187,Tahu goreng,115,9.7,8.5,2.5,100
1188,Tahu telur,328,12.6,19.9,24.6,100
1189,Takwa,148,13.8,8.5,4,100
1190,Talas bogor kukus,120,1.5,0.3,28.2,100
1191,Talas pontianak segar,163,2.3,0.5,36.4,100
1192,Talas viqueque segar,115,1.8,0.5,25.9,100
1193,Tales kukus,120,1.5,0.3,28.2,100
1194,Tales mentah,98,1.9,0.2,23.7,100
1195,Taoco,166,10.4,4.9,24.1,100
1196,Taoge goreng,88,3.2,2.1,14,100
1197,Taoge kacang kedelai segar,76,9,2.6,6.4,100
1198,Taoge seduh,28,3,0.8,4,100
1199,Taoge segar,34,3.7,1.2,4.3,100
1200,Taokoa,104,12.9,6.8,1.2,100
1201,Tapai beras,99,1.7,0.3,22.4,100
1202,Tapai ketan hitam,166,3.8,1,34.4,100
1203,Tapai ketan putih,172,3,0.5,37.5,100
1204,Tapai singkong,169,1.4,0.3,40.2,100
1205,Tauco cap DAS cake,358,7.5,4.3,70.4,100
1206,Tauji cap singa,277,9.1,4.7,49.6,100
1207,Tebu Terubuk,25,4.6,0.4,3,100
1208,Tedong pallu basa masakan,83,10.4,3.4,2.8,100
1209,Teh,132,19.5,0.7,67.8,100
1210,Teh hijau daun kering,300,28.3,4.8,53.6,100
1211,Teh melati daun kering,299,24.1,3.5,59,100
1212,Tekokak,34,2,0.1,7.9,100
1213,Tekokak kering,294,8.3,1.7,72.6,100
1214,Tekwan,53,1.9,0.9,9.4,100
1215,Telur Ayam,162,12.8,11.5,0.7,100
1216,Telur Ayam bagian kuning,361,19.3,31.9,0.7,100
1217,Telur Ayam bagian putih,50,10.8,0,0.8,100
1218,Telur Ayam ceplok,383,15.1,32.9,8.3,100
1219,Telur Ayam dadar,251,16.3,19.4,1.4,100
1220,Telur ayam kampung ,179,13.6,13.3,4.4,100
1221,Telur bebek bagian kuning segar,386,17,35,0.8,100
1222,Telur Bebek bagian putih,54,11,0,0.8,100
1223,Telur bebek bagian putih segar,54,11,0,0.8,100
1224,Telur Bebek ceplok,320,15.1,30.5,0.9,100
1225,Telur Bebek dadar,301,20,23.7,0,100
1226,Telur bebek tambak segar,187,10.9,12.4,7.9,100
1227,Telur Bebek telur asin,195,13.6,13.6,1.4,100
1228,Telur burung puyuh segar,116,10.7,7,1.6,100
1229,Telur Penyu,144,12,10.2,0,100
1230,Telur Terubuk,425,31,28,10,100
1231,Tempe bongkrek,119,4.4,3.5,18.3,100
1232,Tempe Gembus,73,5.7,1.3,4.2,100
1233,Tempe gembus yogya,76,6.8,0.7,10.6,100
1234,Tempe Goreng ,328,18.4,23.2,12.8,100
1235,Tempe kacang babi,139,12.5,0.8,21.9,100
1236,Tempe kacang belimbing,212,17.5,10,12.9,100
1237,Tempe kedelai + jagung,143,12,5.5,11.4,100
1238,Tempe kedelai murni goreng,350,24.5,26.6,10.4,100
1239,Tempe kedelai murni mentah,201,20.8,8.8,13.5,100
1240,Tempe koro benguk,141,10.2,1.3,23.2,100
1241,Tempe lamtoro var. gung dengan kulit,146,11.7,2.3,19.6,100
1242,Tempe lamtoro var. gung tanpa kulit,131,18,0.8,13,100
1243,Tempe pasar segar,150,14,7.7,9.1,100
1244,Tempe pasar goreng,336,20,28,7.8,100
1245,Tempe Sayur ,240,6,2.7,49.3,100
1246,Tempoya,110,1.7,1.3,21.9,100
1247,Tempuyak,126,1.1,2.2,25.7,100
1248,Tepung Arrowroot,355,0.7,0.2,85.2,100
1249,Tepung Beras,364,7,0.5,80,100
1250,Tepung beras mentah,353,7,0.5,80,100
1251,Tepung Ganyong,353,0.8,1.7,83.6,100
1252,Tepung Gaplek,363,1.1,0.5,88.2,100
1253,Tepung Garut (arrowroot),355,0.7,0.2,85.2,100
1254,Tepung Hunkwee,364,4.5,1,83.5,100
1255,Tepung Ikan,316,60.1,6.5,22.4,100
1256,Tepung Jagung Kuning,355,9.2,3.9,73.7,100
1257,Tepung jagung putih,355,9.2,3.9,73.7,100
1258,Tepung Jalejo,388,19,7.5,61.2,100
1259,Tepung Kacang Kedelai,347,35.9,20.6,29.9,100
1260,Tepung Kentang,347,0.3,0.1,85.6,100
1261,Tepung Mocaf,350,1.2,0.6,85,100
1262,Tepung Pisang,338,2.9,0.4,80.6,100
1263,Tepung Sagu,353,0.7,0.2,84.7,100
1264,Tepung Sente,326,4,0.4,76.7,100
1265,Tepung singkong/ Tapioka,363,1.1,0.5,88.2,100
1266,Tepung Sukun,353,2.9,0.5,84.4,100
1267,Tepung Susu,509,24.6,30,36.2,100
1268,Tepung Susu Asam untuk bayi,418,19,9,65.5,100
1269,Tepung Susu Skim,362,35.6,1,52,100
1270,Tepung Tales Beneng,332,5.7,0.6,76.1,100
1271,Tepung Terigu,365,8.9,1.3,77.3,100
1272,Tepung Ubi Ungu,354,2.8,0.6,84.4,100
1273,Terasi,155,22.3,2.9,9.9,100
1274,Terasi dobo,191,33.1,3.6,6.6,100
1275,Terasi Merah,174,30,3.5,3.5,100
1276,Terasi merah,174,30,3.5,5.6,100
1277,Teri balado masakan,365,23.7,22.3,17.5,100
1278,Teripang dendeng mentah,462,39.1,32.4,3.5,100
1279,Terong,24,1.1,0.2,5.5,100
1280,Terong + Oncom makanan,285,4.3,25.7,9.5,100
1281,Terong Asam,39,2.3,1.9,2,100
1282,Terong Belanda,48,1.5,0.3,11.3,100
1283,Terong hintalo segar,45,1.9,0.8,7.5,100
1284,Terong kukus,23,1.8,0.1,4.9,100
1285,Terong segar,28,1.1,0.2,5.5,100
1286,Terung belanda segar,52,2.1,1.1,8.6,100
1287,Terung bengkulu segar,52,1.1,0.4,11.2,100
1288,Terung panjang,25,2.1,0.1,5.3,100
1289,Terung panjang kukus,23,1.8,0.1,4.9,100
1290,Tespong daun,59,2.9,0.3,13.9,100
1291,Tim (nasi tim),120,2.4,0.4,26,100
1292,Tinira ninahu nggaluku,33,1.2,1.3,4.1,100
1293,Tinoransak masakan,516,17.7,49.5,0,100
1294,Tipa-tipa,355,6.2,1.2,79.8,100
1295,Tiwul  ,353,2.4,1.1,83.4,100
1296,Tiwul Instan,395,3.2,8.5,76.5,100
1297,Toge -Tahu makanan,392,5.4,28.5,28.4,100
1298,Toge Goreng ,93.6,4.4,1.8,15.1,100
1299,Toge kacang ijo,23,2.9,0.2,4.1,100
1300,Toge kacang tunggak,35,5,0.2,5.8,100
1301,Toge kedelai,67,9,2.6,6.4,100
1302,Toge seduh,28,3,0.8,4,100
1303,Tomat air (juice) segar,20,1,0.2,3.5,100
1304,Tomat Masak,20,1,0.3,4.2,100
1305,Tomat merah segar,24,1.3,0.5,4.7,100
1306,Tomat muda segar,24,2,0.7,3.3,100
1307,Tumis bandeng,189,11.3,15.7,0.6,100
1308,Tumis bayam bersantan,48,1.4,4.2,2.6,100
1309,Ubi Cilembu,186,1.9,0.2,44.3,100
1310,Ubi Jalar Goreng ,160,3.7,1.3,55.3,100
1311,Ubi jalar kuning kukus,100,0.7,0.3,23.8,100
1312,Ubi jalar kuning segar,119,0.5,0.4,25.1,100
1313,Ubi jalar manis segar,83,1.5,0.2,18.8,100
1314,Ubi Jalar Merah,123,1.8,0.7,27.9,100
1315,Ubi jalar merah segar,151,1.6,0.3,35.4,100
1316,Ubi Jalar Putih,123,1.8,0.7,27.9,100
1317,Ubi Jalar Rebus,114,1.4,9.6,25.6,100
1318,Ubi Jalar Sayur,184,1.4,0.3,22.5,100
1319,Ubi jalar tinta/ kemayung,108,0.5,0.4,25.6,100
1320,Ubi jalar tinta/ kemayung kukus,165,0.9,0.2,39.8,100
1321,Uceng/ bunga melinjo segar,82,5.8,1.3,11.7,100
1322,Udang besar segar,56,11.4,0.6,1.2,100
1323,Udang galah segar,81,16.5,0.3,3,100
1324,Udang kering,295,62.4,2.3,1.8,100
1325,Udang kering mentah,278,62.6,4.1,2.2,100
1326,Udang papay mentah,273,47.8,3.8,12.5,100
1327,Udang segar,91,21,0.2,0.1,100
1328,Ulat sagu panggang,380,11.9,30.3,14.9,100
1329,Ulat sagu segar,241,5.8,21.6,5.8,100
1330,Umbi Uwi segar,120,2.8,0.5,82.3,100
1331,Umbut rotan,34,2.4,0.3,5.5,100
1332,Usus Sapi,130,14,7.2,1.5,100
1333,Uwi,101,2,0.2,19.8,100
1334,Vermicelli,363,8.7,0.4,78.7,100
1335,Wajit camilan,303,6.3,2.7,63.3,100
1336,Waluh balamak,45,0.8,0.9,8.1,100
1337,Widaran,424,1.3,10.7,80.7,100
1338,Wijen,568,19.3,51.1,18.1,100
1339,Wingko babat,355,3.2,15.1,51.4,100
1340,Woku ubi,143,3.1,7.8,15,100
1341,Worst (sosis daging),452,14.5,42.3,2.3,100
1342,Wortel Segar,42,1.2,0.6,9.3,100
1343,Wortel kukus,37,1,0.6,8.3,100
1344,Wortel rebus,28,0.7,0.5,6.3,100
1345,Yangko,254,3,1.1,58.1,100
1346,Yoghurt,52,3.3,2.5,4,100
